run_id,timestamp_utc,git_commit,benchmark,scenario,variant,status,failure_reason,destination,trial,configuration,trial_group,person_trajectory,success,navigation_time_s,physical_path_length_m,minimum_person_distance_m,minimum_front_person_distance_m,maximum_person_speed_mps,final_goal_error_m,recoveries,no_progress_failures,terminal_cmd_vel_zero,source_path
social-anisotropic_validation_20260809T213000Z-triplet-1-baseline,2026-08-09T21:30:00Z,NA,social_navigation,north_gallery,baseline,passed,,north_gallery,1,nav2_supplied_demo,anisotropic_validation_20260809T213000Z-triplet-1,"{""initial_pose"":[1.4,16.0],""start_policy"":""first_active_navigation_goal"",""trajectory_id"":""north_front_crossing_v1"",""velocity"":[0.0,-0.12]}",1,144.22,16.053409766464007,1.4424061288427854,1.4424061288427854,0.12420000000000009,0.11241925930160272,0,0,1,.navigation_diagnostics/anisotropic_validation_20260809T213000Z/baseline.json
social-anisotropic_validation_20260809T213000Z-triplet-1-isotropic,2026-08-09T21:30:00Z,NA,social_navigation,north_gallery,isotropic,passed,,north_gallery,1,nav2_supplied_social_force,anisotropic_validation_20260809T213000Z-triplet-1,"{""initial_pose"":[1.4,16.0],""start_policy"":""first_active_navigation_goal"",""trajectory_id"":""north_front_crossing_v1"",""velocity"":[0.0,-0.12]}",1,143.38500000000002,16.052136804909484,1.474531588593506,1.488970526081255,0.1211999999999982,0.09879193969136342,0,0,1,.navigation_diagnostics/anisotropic_validation_20260809T213000Z/isotropic.json
social-anisotropic_validation_20260809T213000Z-triplet-1-anisotropic,2026-08-09T21:30:00Z,NA,social_navigation,north_gallery,anisotropic,passed,,north_gallery,1,nav2_supplied_anisotropic,anisotropic_validation_20260809T213000Z-triplet-1,"{""initial_pose"":[1.4,16.0],""start_policy"":""first_active_navigation_goal"",""trajectory_id"":""north_front_crossing_v1"",""velocity"":[0.0,-0.12]}",1,145.865,16.051100699382353,1.4891087950130888,1.5001747821443703,0.12060301507537598,0.1142114237835415,0,0,1,.navigation_diagnostics/anisotropic_validation_20260809T213000Z/anisotropic.json
social-social_triplet_2_20260810T155500Z-triplet-1-baseline,2026-08-10T15:31:13Z,257cfdf6e62374536555b6958d4975a3916678c0,social_navigation,north_gallery,baseline,passed,,north_gallery,1,nav2_supplied_demo,social_triplet_2_20260810T155500Z-triplet-1,"{""initial_pose"":[1.4,16.0],""start_policy"":""first_active_navigation_goal"",""trajectory_id"":""north_front_crossing_v1"",""velocity"":[0.0,-0.12]}",1,144.105,16.050728709381076,1.4364128742043893,1.4402128908598832,0.1206030150753782,0.09536216938945032,0,0,1,.navigation_diagnostics/social_triplet_2_20260810T155500Z/baseline.json
social-social_triplet_2_20260810T155500Z-triplet-1-isotropic,2026-08-10T15:47:07Z,257cfdf6e62374536555b6958d4975a3916678c0,social_navigation,north_gallery,isotropic,passed,,north_gallery,1,nav2_supplied_social_force,social_triplet_2_20260810T155500Z-triplet-1,"{""initial_pose"":[1.4,16.0],""start_policy"":""first_active_navigation_goal"",""trajectory_id"":""north_front_crossing_v1"",""velocity"":[0.0,-0.12]}",1,144.12,16.059603057064933,1.4573386038916052,1.4573386038916052,0.120000000000001,0.09579649041893416,0,0,1,.navigation_diagnostics/social_triplet_2_20260810T155500Z/isotropic.json
social-social_triplet_2_20260810T155500Z-triplet-1-anisotropic,2026-08-10T15:50:44Z,257cfdf6e62374536555b6958d4975a3916678c0,social_navigation,north_gallery,anisotropic,passed,,north_gallery,1,nav2_supplied_anisotropic,social_triplet_2_20260810T155500Z-triplet-1,"{""initial_pose"":[1.4,16.0],""start_policy"":""first_active_navigation_goal"",""trajectory_id"":""north_front_crossing_v1"",""velocity"":[0.0,-0.12]}",1,144.385,16.053710847512438,1.4661662634704657,1.4762559335219885,0.120000000000001,0.11485899097481685,0,0,1,.navigation_diagnostics/social_triplet_2_20260810T155500Z/anisotropic.json
social-social_triplet_3_20260810T171500Z-triplet-1-baseline,2026-08-10T15:54:59Z,257cfdf6e62374536555b6958d4975a3916678c0,social_navigation,north_gallery,baseline,passed,,north_gallery,1,nav2_supplied_demo,social_triplet_3_20260810T171500Z-triplet-1,"{""initial_pose"":[1.4,16.0],""start_policy"":""first_active_navigation_goal"",""trajectory_id"":""north_front_crossing_v1"",""velocity"":[0.0,-0.12]}",1,146.41500000000002,16.0588388572376,1.3907919644342017,1.397360546902521,0.120000000000001,0.10694503598198901,0,0,1,.navigation_diagnostics/social_triplet_3_20260810T171500Z/baseline.json
social-social_triplet_3_20260810T171500Z-triplet-1-isotropic,2026-08-10T15:59:11Z,257cfdf6e62374536555b6958d4975a3916678c0,social_navigation,north_gallery,isotropic,passed,,north_gallery,1,nav2_supplied_social_force,social_triplet_3_20260810T171500Z-triplet-1,"{""initial_pose"":[1.4,16.0],""start_policy"":""first_active_navigation_goal"",""trajectory_id"":""north_front_crossing_v1"",""velocity"":[0.0,-0.12]}",1,143.15,16.049789268970777,1.4705257457814662,1.4705257457814662,0.1205999999999996,0.10158572879026041,0,0,1,.navigation_diagnostics/social_triplet_3_20260810T171500Z/isotropic.json
social-social_triplet_3_20260810T171500Z-triplet-1-anisotropic,2026-08-10T16:03:32Z,257cfdf6e62374536555b6958d4975a3916678c0,social_navigation,north_gallery,anisotropic,passed,,north_gallery,1,nav2_supplied_anisotropic,social_triplet_3_20260810T171500Z-triplet-1,"{""initial_pose"":[1.4,16.0],""start_policy"":""first_active_navigation_goal"",""trajectory_id"":""north_front_crossing_v1"",""velocity"":[0.0,-0.12]}",1,147.11,16.050253299865613,1.4763838410279366,1.4763838410279366,0.12060301507537777,0.12759700900584772,0,0,1,.navigation_diagnostics/social_triplet_3_20260810T171500Z/anisotropic.json
